{"reviews": {"184039272": {"recommendationid": "184039272", "author": {"steamid": "76561198368535337", "num_games_owned": 38, "num_reviews": 15, "playtime_forever": 45, "playtime_last_two_weeks": 0, "playtime_at_review": 45, "last_played": 1542474252}, "language": "english", "review": "this game gave me testicular cancer oh god it hurts i felt lumps on my scrotum mere seconds after launching the game please help me i thurtsssi o good farkkkkkkk", "timestamp_created": 1735427062, "timestamp_updated": 1735427062, "voted_up": false, "votes_up": 1, "votes_funny": 0, "weighted_vote_score": "0.523809552192687988", "comment_count": 0, "steam_purchase": false, "received_for_free": false, "written_during_early_access": false, "primarily_steam_deck": false}, "183684573": {"recommendationid": "183684573", "author": {"steamid": "76561198973403852", "num_games_owned": 0, "num_reviews": 4, "playtime_forever": 30, "playtime_last_two_weeks": 0, "playtime_at_review": 30, "last_played": 1733848237}, "language": "russian", "review": "\u0437\u0430 \u043f\u043e\u043b \u0447\u0430\u0441\u0430 \u0438\u0433\u0440\u044b \u044f \u043f\u043e\u043f\u0430\u043b \u043b\u0438\u0448\u044c \u0432 \u043e\u0434\u043d\u0443 \u043a\u0430\u0442\u043a\u0443 \u0441 \u043f\u043e\u043b\u044f\u043a\u0430\u043c\u0438, \u0440\u0430\u0437\u0431\u043e\u043c\u0431\u0438\u043b \u0440\u0435\u0441\u043f\u0443, \u043f\u043e\u043e\u0431\u0449\u0430\u043b\u0441\u044f \u0441 \u043d\u0438\u043c\u0438 \u0438 \u0432\u044b\u0448\u0435\u043b\n+\u0447\u0442\u043e \u0442\u043e \u0432\u0440\u043e\u0434\u0435 \u043c\u0438\u043a\u0440\u043e\u044d\u043a\u043e\u043d\u043e\u043c\u0438\u043a\u0438 \u0443 \u043a\u0430\u0436\u0434\u043e\u0439 \u043a\u043e\u043c\u0430\u043d\u0434\u044b \u0432 \u043a\u0430\u0442\u043a\u0435\n+\u043f\u0440\u0438\u044f\u0442\u043d\u0430\u044f \u0445\u043e\u0442\u044c \u0438 \u043f\u0440\u043e\u0441\u0442\u0430\u044f \u0433\u0440\u0430\u0444\u0438\u043a\u0430\n+\u0441\u0440\u0435\u0434\u043d\u0438\u0439 \u0442\u0435\u043c\u043f \u0438\u0433\u0440\u044b\n\n-\u043e\u0442\u0441\u0443\u0442\u0441\u0442\u0432\u0438\u0435 \u0438\u0433\u0440\u043e\u043a\u043e\u0432\n-\u0438\u043d\u043e\u0433\u0434\u0430 \u0434\u0438\u043a\u0438\u0439 \u043f\u0438\u043d\u0433\n-\u0443 \u043c\u0435\u043d\u044f \u043c\u0438\u043a\u0440\u043e\u043f\u0435\u043d\u0438\u0441\n", "timestamp_created": 1735157423, "timestamp_updated": 1735157423, "voted_up": false, "votes_up": 1, "votes_funny": 0, "weighted_vote_score": "0.52173912525177002", "comment_count": 0, "steam_purchase": false, "received_for_free": false, "written_during_early_access": false, "primarily_steam_deck": false}}, "query_summary": {"num_reviews": 100, "review_score": 5, "review_score_desc": "Mixed", "total_positive": 1995, "total_negative": 892, "total_reviews": 2887}, "cursors": {"AoJ4uvCc1P8Ce++srQM=": "Mon Jan 20 20:01:55 2025"}}
